{
    "mae": 40.90565934005438,
    "rmse": 50.194311218301365,
    "mape": 8.40633683474598,
    "smape": 8.256822779016689,
    "r2": 0.007285070728318965,
    "cvrmse": 10.048203920727884,
    "peak_error": 158.9597180175781,
    "forecast_skill": 0.2937101162290152,
    "mase": 0.7440495275904392
}